date,sales,is_promo,day_of_week,is_weekend
2021-01-01,190.81,0,Friday,0
2021-01-02,259.25,1,Saturday,1
2021-01-03,204.42,0,Sunday,1
2021-01-04,174.4,0,Monday,0
2021-01-05,145.27,0,Tuesday,0
2021-01-06,145.43,0,Wednesday,0
2021-01-07,175.69,0,Thursday,0
2021-01-08,186.25,0,Friday,0
2021-01-09,186.93,0,Saturday,1
2021-01-10,208.49,0,Sunday,1
2021-01-11,147.22,0,Monday,0
2021-01-12,207.7,1,Tuesday,0
2021-01-13,163.31,0,Wednesday,0
2021-01-14,166.97,0,Thursday,0
2021-01-15,198.57,0,Friday,0
2021-01-16,210.21,0,Saturday,1
2021-01-17,206.98,0,Sunday,1
2021-01-18,153.11,0,Monday,0
2021-01-19,160.5,0,Tuesday,0
2021-01-20,169.44,0,Wednesday,0
2021-01-21,156.26,0,Thursday,0
2021-01-22,205.96,0,Friday,0
2021-01-23,211.95,0,Saturday,1
2021-01-24,213.53,0,Sunday,1
2021-01-25,163.72,0,Monday,0
2021-01-26,176.85,0,Tuesday,0
2021-01-27,162.6,0,Wednesday,0
2021-01-28,166.59,0,Thursday,0
2021-01-29,196.05,0,Friday,0
2021-01-30,218.17,0,Saturday,1
2021-01-31,216.93,0,Sunday,1
2021-02-01,143.47,0,Monday,0
2021-02-02,145.77,0,Tuesday,0
2021-02-03,214.78,1,Wednesday,0
2021-02-04,238.91,1,Thursday,0
2021-02-05,220.62,0,Friday,0
2021-02-06,224.42,0,Saturday,1
2021-02-07,209.23,0,Sunday,1
2021-02-08,167.69,0,Monday,0
2021-02-09,176.39,0,Tuesday,0
2021-02-10,161.93,0,Wednesday,0
2021-02-11,181.53,0,Thursday,0
2021-02-12,216.0,0,Friday,0
2021-02-13,235.94,0,Saturday,1
2021-02-14,217.84,0,Sunday,1
2021-02-15,183.22,0,Monday,0
2021-02-16,134.42,0,Tuesday,0
2021-02-17,185.65,0,Wednesday,0
2021-02-18,175.33,0,Thursday,0
2021-02-19,186.88,0,Friday,0
2021-02-20,324.58,1,Saturday,1
2021-02-21,236.68,0,Sunday,1
2021-02-22,247.16,1,Monday,0
2021-02-23,183.01,0,Tuesday,0
2021-02-24,201.62,0,Wednesday,0
2021-02-25,279.17,1,Thursday,0
2021-02-26,233.36,0,Friday,0
2021-02-27,248.29,0,Saturday,1
2021-02-28,226.01,0,Sunday,1
2021-03-01,161.6,0,Monday,0
2021-03-02,173.59,0,Tuesday,0
2021-03-03,177.15,0,Wednesday,0
2021-03-04,219.05,0,Thursday,0
2021-03-05,216.63,0,Friday,0
2021-03-06,245.95,0,Saturday,1
2021-03-07,236.83,0,Sunday,1
2021-03-08,186.48,0,Monday,0
2021-03-09,202.04,0,Tuesday,0
2021-03-10,184.98,0,Wednesday,0
2021-03-11,248.57,1,Thursday,0
2021-03-12,215.04,0,Friday,0
2021-03-13,233.86,0,Saturday,1
2021-03-14,228.12,0,Sunday,1
2021-03-15,190.77,0,Monday,0
2021-03-16,181.82,0,Tuesday,0
2021-03-17,189.43,0,Wednesday,0
2021-03-18,186.62,0,Thursday,0
2021-03-19,228.26,0,Friday,0
2021-03-20,236.96,0,Saturday,1
2021-03-21,249.9,0,Sunday,1
2021-03-22,197.53,0,Monday,0
2021-03-23,174.81,0,Tuesday,0
2021-03-24,199.35,0,Wednesday,0
2021-03-25,199.79,0,Thursday,0
2021-03-26,238.41,0,Friday,0
2021-03-27,276.42,0,Saturday,1
2021-03-28,223.59,0,Sunday,1
2021-03-29,203.23,0,Monday,0
2021-03-30,195.68,0,Tuesday,0
2021-03-31,216.41,0,Wednesday,0
2021-04-01,216.66,0,Thursday,0
2021-04-02,230.83,0,Friday,0
2021-04-03,261.77,0,Saturday,1
2021-04-04,241.79,0,Sunday,1
2021-04-05,219.99,0,Monday,0
2021-04-06,203.07,0,Tuesday,0
2021-04-07,236.37,0,Wednesday,0
2021-04-08,218.55,0,Thursday,0
2021-04-09,236.51,0,Friday,0
2021-04-10,252.57,0,Saturday,1
2021-04-11,234.81,0,Sunday,1
2021-04-12,193.16,0,Monday,0
2021-04-13,211.08,0,Tuesday,0
2021-04-14,224.69,0,Wednesday,0
2021-04-15,205.31,0,Thursday,0
2021-04-16,260.72,0,Friday,0
2021-04-17,269.87,0,Saturday,1
2021-04-18,263.12,0,Sunday,1
2021-04-19,236.38,0,Monday,0
2021-04-20,223.47,0,Tuesday,0
2021-04-21,220.16,0,Wednesday,0
2021-04-22,218.35,0,Thursday,0
2021-04-23,291.17,1,Friday,0
2021-04-24,271.72,0,Saturday,1
2021-04-25,263.46,0,Sunday,1
2021-04-26,209.78,0,Monday,0
2021-04-27,215.68,0,Tuesday,0
2021-04-28,228.8,0,Wednesday,0
2021-04-29,230.8,0,Thursday,0
2021-04-30,251.3,0,Friday,0
2021-05-01,286.73,0,Saturday,1
2021-05-02,275.6,0,Sunday,1
2021-05-03,212.8,0,Monday,0
2021-05-04,238.39,0,Tuesday,0
2021-05-05,230.85,0,Wednesday,0
2021-05-06,237.82,0,Thursday,0
2021-05-07,271.64,0,Friday,0
2021-05-08,291.49,0,Saturday,1
2021-05-09,285.66,0,Sunday,1
2021-05-10,233.2,0,Monday,0
2021-05-11,217.92,0,Tuesday,0
2021-05-12,240.11,0,Wednesday,0
2021-05-13,227.55,0,Thursday,0
2021-05-14,268.07,0,Friday,0
2021-05-15,352.31,1,Saturday,1
2021-05-16,275.22,0,Sunday,1
2021-05-17,231.63,0,Monday,0
2021-05-18,206.05,0,Tuesday,0
2021-05-19,232.48,0,Wednesday,0
2021-05-20,318.2,1,Thursday,0
2021-05-21,330.27,1,Friday,0
2021-05-22,283.0,0,Saturday,1
2021-05-23,295.92,0,Sunday,1
2021-05-24,225.73,0,Monday,0
2021-05-25,243.14,0,Tuesday,0
2021-05-26,247.0,0,Wednesday,0
2021-05-27,239.47,0,Thursday,0
2021-05-28,293.88,0,Friday,0
2021-05-29,283.59,0,Saturday,1
2021-05-30,294.27,0,Sunday,1
2021-05-31,250.56,0,Monday,0
2021-06-01,225.81,0,Tuesday,0
2021-06-02,260.86,0,Wednesday,0
2021-06-03,246.43,0,Thursday,0
2021-06-04,348.99,1,Friday,0
2021-06-05,303.08,0,Saturday,1
2021-06-06,283.59,0,Sunday,1
2021-06-07,250.17,0,Monday,0
2021-06-08,245.18,0,Tuesday,0
2021-06-09,224.89,0,Wednesday,0
2021-06-10,266.72,0,Thursday,0
2021-06-11,256.31,0,Friday,0
2021-06-12,313.83,0,Saturday,1
2021-06-13,300.12,0,Sunday,1
2021-06-14,228.67,0,Monday,0
2021-06-15,231.97,0,Tuesday,0
2021-06-16,233.76,0,Wednesday,0
2021-06-17,249.57,0,Thursday,0
2021-06-18,273.56,0,Friday,0
2021-06-19,311.7,0,Saturday,1
2021-06-20,303.15,0,Sunday,1
2021-06-21,259.25,0,Monday,0
2021-06-22,230.81,0,Tuesday,0
2021-06-23,245.1,0,Wednesday,0
2021-06-24,232.44,0,Thursday,0
2021-06-25,268.0,0,Friday,0
2021-06-26,314.26,0,Saturday,1
2021-06-27,307.07,0,Sunday,1
2021-06-28,269.84,1,Monday,0
2021-06-29,230.53,0,Tuesday,0
2021-06-30,247.29,0,Wednesday,0
2021-07-01,255.92,0,Thursday,0
2021-07-02,357.12,1,Friday,0
2021-07-03,307.52,0,Saturday,1
2021-07-04,281.67,0,Sunday,1
2021-07-05,242.08,0,Monday,0
2021-07-06,243.71,0,Tuesday,0
2021-07-07,247.11,0,Wednesday,0
2021-07-08,246.67,0,Thursday,0
2021-07-09,275.46,0,Friday,0
2021-07-10,300.56,0,Saturday,1
2021-07-11,282.02,0,Sunday,1
2021-07-12,238.18,0,Monday,0
2021-07-13,255.29,0,Tuesday,0
2021-07-14,252.64,0,Wednesday,0
2021-07-15,247.16,0,Thursday,0
2021-07-16,283.85,0,Friday,0
2021-07-17,296.26,0,Saturday,1
2021-07-18,299.1,0,Sunday,1
2021-07-19,244.22,0,Monday,0
2021-07-20,233.23,0,Tuesday,0
2021-07-21,249.63,0,Wednesday,0
2021-07-22,230.12,0,Thursday,0
2021-07-23,260.16,0,Friday,0
2021-07-24,284.06,0,Saturday,1
2021-07-25,284.79,0,Sunday,1
2021-07-26,258.55,0,Monday,0
2021-07-27,259.21,0,Tuesday,0
2021-07-28,249.75,0,Wednesday,0
2021-07-29,252.76,0,Thursday,0
2021-07-30,249.78,0,Friday,0
2021-07-31,289.51,0,Saturday,1
2021-08-01,271.2,0,Sunday,1
2021-08-02,227.82,0,Monday,0
2021-08-03,227.86,0,Tuesday,0
2021-08-04,233.81,0,Wednesday,0
2021-08-05,220.31,0,Thursday,0
2021-08-06,277.62,0,Friday,0
2021-08-07,280.35,0,Saturday,1
2021-08-08,280.66,0,Sunday,1
2021-08-09,257.23,0,Monday,0
2021-08-10,215.86,0,Tuesday,0
2021-08-11,206.07,0,Wednesday,0
2021-08-12,237.54,0,Thursday,0
2021-08-13,278.71,0,Friday,0
2021-08-14,313.52,0,Saturday,1
2021-08-15,307.76,1,Sunday,1
2021-08-16,235.0,0,Monday,0
2021-08-17,217.96,0,Tuesday,0
2021-08-18,231.76,0,Wednesday,0
2021-08-19,269.25,0,Thursday,0
2021-08-20,243.97,0,Friday,0
2021-08-21,289.52,0,Saturday,1
2021-08-22,276.56,0,Sunday,1
2021-08-23,238.44,0,Monday,0
2021-08-24,221.05,0,Tuesday,0
2021-08-25,233.02,0,Wednesday,0
2021-08-26,229.07,0,Thursday,0
2021-08-27,261.45,0,Friday,0
2021-08-28,278.54,0,Saturday,1
2021-08-29,347.06,1,Sunday,1
2021-08-30,267.06,1,Monday,0
2021-08-31,220.47,0,Tuesday,0
2021-09-01,225.02,0,Wednesday,0
2021-09-02,243.3,0,Thursday,0
2021-09-03,306.47,1,Friday,0
2021-09-04,257.34,0,Saturday,1
2021-09-05,361.58,1,Sunday,1
2021-09-06,282.91,1,Monday,0
2021-09-07,203.98,0,Tuesday,0
2021-09-08,214.08,0,Wednesday,0
2021-09-09,242.12,0,Thursday,0
2021-09-10,224.39,0,Friday,0
2021-09-11,312.07,0,Saturday,1
2021-09-12,271.48,0,Sunday,1
2021-09-13,215.87,0,Monday,0
2021-09-14,275.86,1,Tuesday,0
2021-09-15,220.4,0,Wednesday,0
2021-09-16,227.61,0,Thursday,0
2021-09-17,253.49,0,Friday,0
2021-09-18,276.8,0,Saturday,1
2021-09-19,340.63,1,Sunday,1
2021-09-20,206.53,0,Monday,0
2021-09-21,201.47,0,Tuesday,0
2021-09-22,210.33,0,Wednesday,0
2021-09-23,230.66,0,Thursday,0
2021-09-24,248.57,0,Friday,0
2021-09-25,230.55,0,Saturday,1
2021-09-26,258.09,0,Sunday,1
2021-09-27,206.95,0,Monday,0
2021-09-28,198.78,0,Tuesday,0
2021-09-29,203.73,0,Wednesday,0
2021-09-30,226.28,0,Thursday,0
2021-10-01,248.56,0,Friday,0
2021-10-02,252.31,0,Saturday,1
2021-10-03,250.87,0,Sunday,1
2021-10-04,188.73,0,Monday,0
2021-10-05,178.24,0,Tuesday,0
2021-10-06,196.69,0,Wednesday,0
2021-10-07,218.97,0,Thursday,0
2021-10-08,244.48,0,Friday,0
2021-10-09,263.62,0,Saturday,1
2021-10-10,250.59,0,Sunday,1
2021-10-11,202.51,0,Monday,0
2021-10-12,183.05,0,Tuesday,0
2021-10-13,205.37,0,Wednesday,0
2021-10-14,214.23,0,Thursday,0
2021-10-15,238.13,0,Friday,0
2021-10-16,267.8,0,Saturday,1
2021-10-17,246.48,0,Sunday,1
2021-10-18,196.67,0,Monday,0
2021-10-19,199.76,0,Tuesday,0
2021-10-20,196.07,0,Wednesday,0
2021-10-21,190.29,0,Thursday,0
2021-10-22,223.4,0,Friday,0
2021-10-23,240.91,0,Saturday,1
2021-10-24,226.24,0,Sunday,1
2021-10-25,187.12,0,Monday,0
2021-10-26,173.85,0,Tuesday,0
2021-10-27,189.19,0,Wednesday,0
2021-10-28,174.69,0,Thursday,0
2021-10-29,224.5,0,Friday,0
2021-10-30,246.5,0,Saturday,1
2021-10-31,221.23,0,Sunday,1
2021-11-01,193.5,0,Monday,0
2021-11-02,239.75,1,Tuesday,0
2021-11-03,170.43,0,Wednesday,0
2021-11-04,185.15,0,Thursday,0
2021-11-05,209.66,0,Friday,0
2021-11-06,232.21,0,Saturday,1
2021-11-07,238.05,0,Sunday,1
2021-11-08,180.38,0,Monday,0
2021-11-09,174.16,0,Tuesday,0
2021-11-10,232.18,1,Wednesday,0
2021-11-11,199.23,0,Thursday,0
2021-11-12,201.38,0,Friday,0
2021-11-13,241.63,0,Saturday,1
2021-11-14,228.91,0,Sunday,1
2021-11-15,196.59,0,Monday,0
2021-11-16,224.25,0,Tuesday,0
2021-11-17,213.42,0,Wednesday,0
2021-11-18,256.57,0,Thursday,0
2021-11-19,300.69,0,Friday,0
2021-11-20,318.68,0,Saturday,1
2021-11-21,377.76,1,Sunday,1
2021-11-22,237.4,0,Monday,0
2021-11-23,247.74,0,Tuesday,0
2021-11-24,236.15,0,Wednesday,0
2021-11-25,258.33,0,Thursday,0
2021-11-26,283.47,0,Friday,0
2021-11-27,314.93,0,Saturday,1
2021-11-28,320.14,0,Sunday,1
2021-11-29,246.55,0,Monday,0
2021-11-30,230.57,0,Tuesday,0
2021-12-01,246.22,0,Wednesday,0
2021-12-02,230.16,0,Thursday,0
2021-12-03,267.92,0,Friday,0
2021-12-04,296.23,0,Saturday,1
2021-12-05,279.74,0,Sunday,1
2021-12-06,242.76,0,Monday,0
2021-12-07,225.98,0,Tuesday,0
2021-12-08,259.23,0,Wednesday,0
2021-12-09,250.72,0,Thursday,0
2021-12-10,275.55,0,Friday,0
2021-12-11,296.69,0,Saturday,1
2021-12-12,287.46,0,Sunday,1
2021-12-13,250.49,0,Monday,0
2021-12-14,225.18,0,Tuesday,0
2021-12-15,237.69,0,Wednesday,0
2021-12-16,246.97,0,Thursday,0
2021-12-17,259.49,0,Friday,0
2021-12-18,290.86,0,Saturday,1
2021-12-19,280.03,0,Sunday,1
2021-12-20,251.31,0,Monday,0
2021-12-21,239.04,0,Tuesday,0
2021-12-22,248.31,0,Wednesday,0
2021-12-23,261.3,0,Thursday,0
2021-12-24,274.56,0,Friday,0
2021-12-25,374.55,1,Saturday,1
2021-12-26,285.23,0,Sunday,1
2021-12-27,179.8,0,Monday,0
2021-12-28,164.79,0,Tuesday,0
2021-12-29,152.69,0,Wednesday,0
2021-12-30,185.53,0,Thursday,0
2021-12-31,302.36,1,Friday,0
2022-01-01,248.7,0,Saturday,1
2022-01-02,306.95,1,Sunday,1
2022-01-03,192.88,0,Monday,0
2022-01-04,174.35,0,Tuesday,0
2022-01-05,185.92,0,Wednesday,0
2022-01-06,181.41,0,Thursday,0
2022-01-07,210.31,0,Friday,0
2022-01-08,246.78,0,Saturday,1
2022-01-09,239.14,0,Sunday,1
2022-01-10,178.33,0,Monday,0
2022-01-11,169.93,0,Tuesday,0
2022-01-12,185.68,0,Wednesday,0
2022-01-13,198.23,0,Thursday,0
2022-01-14,199.05,0,Friday,0
2022-01-15,214.19,0,Saturday,1
2022-01-16,220.52,0,Sunday,1
2022-01-17,167.86,0,Monday,0
2022-01-18,171.81,0,Tuesday,0
2022-01-19,186.55,0,Wednesday,0
2022-01-20,188.31,0,Thursday,0
2022-01-21,236.61,0,Friday,0
2022-01-22,248.54,0,Saturday,1
2022-01-23,233.67,0,Sunday,1
2022-01-24,193.0,0,Monday,0
2022-01-25,167.33,0,Tuesday,0
2022-01-26,262.27,1,Wednesday,0
2022-01-27,196.06,0,Thursday,0
2022-01-28,230.51,0,Friday,0
2022-01-29,235.12,0,Saturday,1
2022-01-30,214.85,0,Sunday,1
2022-01-31,250.71,1,Monday,0
2022-02-01,189.07,0,Tuesday,0
2022-02-02,184.28,0,Wednesday,0
2022-02-03,190.22,0,Thursday,0
2022-02-04,239.72,0,Friday,0
2022-02-05,237.51,0,Saturday,1
2022-02-06,257.07,0,Sunday,1
2022-02-07,182.14,0,Monday,0
2022-02-08,196.2,0,Tuesday,0
2022-02-09,195.2,0,Wednesday,0
2022-02-10,211.99,0,Thursday,0
2022-02-11,223.83,0,Friday,0
2022-02-12,254.03,0,Saturday,1
2022-02-13,242.11,0,Sunday,1
2022-02-14,185.23,0,Monday,0
2022-02-15,201.79,0,Tuesday,0
2022-02-16,266.4,1,Wednesday,0
2022-02-17,273.14,1,Thursday,0
2022-02-18,222.93,0,Friday,0
2022-02-19,229.79,0,Saturday,1
2022-02-20,243.92,0,Sunday,1
2022-02-21,230.84,0,Monday,0
2022-02-22,206.99,0,Tuesday,0
2022-02-23,208.04,0,Wednesday,0
2022-02-24,210.81,0,Thursday,0
2022-02-25,239.93,0,Friday,0
2022-02-26,271.94,0,Saturday,1
2022-02-27,236.91,0,Sunday,1
2022-02-28,220.17,0,Monday,0
2022-03-01,211.1,0,Tuesday,0
2022-03-02,221.85,0,Wednesday,0
2022-03-03,224.22,0,Thursday,0
2022-03-04,244.93,0,Friday,0
2022-03-05,278.5,0,Saturday,1
2022-03-06,263.27,0,Sunday,1
2022-03-07,207.66,0,Monday,0
2022-03-08,200.76,0,Tuesday,0
2022-03-09,219.61,0,Wednesday,0
2022-03-10,242.73,0,Thursday,0
2022-03-11,235.02,0,Friday,0
2022-03-12,258.03,0,Saturday,1
2022-03-13,263.37,0,Sunday,1
2022-03-14,217.76,0,Monday,0
2022-03-15,214.99,0,Tuesday,0
2022-03-16,226.59,0,Wednesday,0
2022-03-17,226.75,0,Thursday,0
2022-03-18,322.12,1,Friday,0
2022-03-19,261.73,0,Saturday,1
2022-03-20,256.76,0,Sunday,1
2022-03-21,221.23,0,Monday,0
2022-03-22,273.96,1,Tuesday,0
2022-03-23,272.22,1,Wednesday,0
2022-03-24,254.69,0,Thursday,0
2022-03-25,260.76,0,Friday,0
2022-03-26,289.04,0,Saturday,1
2022-03-27,256.91,0,Sunday,1
2022-03-28,220.39,0,Monday,0
2022-03-29,219.04,0,Tuesday,0
2022-03-30,230.48,0,Wednesday,0
2022-03-31,255.43,0,Thursday,0
2022-04-01,272.49,0,Friday,0
2022-04-02,278.21,0,Saturday,1
2022-04-03,280.25,0,Sunday,1
2022-04-04,239.01,0,Monday,0
2022-04-05,242.45,0,Tuesday,0
2022-04-06,258.48,0,Wednesday,0
2022-04-07,233.06,0,Thursday,0
2022-04-08,261.24,0,Friday,0
2022-04-09,281.61,0,Saturday,1
2022-04-10,364.62,1,Sunday,1
2022-04-11,243.74,0,Monday,0
2022-04-12,245.7,0,Tuesday,0
2022-04-13,243.66,0,Wednesday,0
2022-04-14,246.43,0,Thursday,0
2022-04-15,358.93,1,Friday,0
2022-04-16,291.65,0,Saturday,1
2022-04-17,385.81,1,Sunday,1
2022-04-18,223.75,0,Monday,0
2022-04-19,240.94,0,Tuesday,0
2022-04-20,273.68,0,Wednesday,0
2022-04-21,324.48,1,Thursday,0
2022-04-22,278.45,0,Friday,0
2022-04-23,302.1,0,Saturday,1
2022-04-24,373.01,1,Sunday,1
2022-04-25,264.16,0,Monday,0
2022-04-26,216.78,0,Tuesday,0
2022-04-27,272.35,0,Wednesday,0
2022-04-28,242.48,0,Thursday,0
2022-04-29,281.99,0,Friday,0
2022-04-30,305.64,0,Saturday,1
2022-05-01,303.46,0,Sunday,1
2022-05-02,232.81,0,Monday,0
2022-05-03,253.12,0,Tuesday,0
2022-05-04,347.28,1,Wednesday,0
2022-05-05,247.36,0,Thursday,0
2022-05-06,291.56,0,Friday,0
2022-05-07,306.89,0,Saturday,1
2022-05-08,305.49,0,Sunday,1
2022-05-09,256.14,0,Monday,0
2022-05-10,243.74,0,Tuesday,0
2022-05-11,267.81,0,Wednesday,0
2022-05-12,289.12,0,Thursday,0
2022-05-13,290.68,0,Friday,0
2022-05-14,372.3,1,Saturday,1
2022-05-15,364.63,1,Sunday,1
2022-05-16,247.93,0,Monday,0
2022-05-17,260.54,0,Tuesday,0
2022-05-18,283.13,0,Wednesday,0
2022-05-19,275.03,0,Thursday,0
2022-05-20,292.43,0,Friday,0
2022-05-21,321.6,0,Saturday,1
2022-05-22,292.02,0,Sunday,1
2022-05-23,269.68,0,Monday,0
2022-05-24,326.15,1,Tuesday,0
2022-05-25,262.77,0,Wednesday,0
2022-05-26,267.92,0,Thursday,0
2022-05-27,302.11,0,Friday,0
2022-05-28,399.04,1,Saturday,1
2022-05-29,308.81,0,Sunday,1
2022-05-30,290.13,0,Monday,0
2022-05-31,257.28,0,Tuesday,0
2022-06-01,266.25,0,Wednesday,0
2022-06-02,268.07,0,Thursday,0
2022-06-03,366.27,1,Friday,0
2022-06-04,324.21,0,Saturday,1
2022-06-05,303.85,0,Sunday,1
2022-06-06,282.75,0,Monday,0
2022-06-07,352.25,1,Tuesday,0
2022-06-08,265.15,0,Wednesday,0
2022-06-09,255.16,0,Thursday,0
2022-06-10,314.85,0,Friday,0
2022-06-11,319.74,0,Saturday,1
2022-06-12,322.62,0,Sunday,1
2022-06-13,244.65,0,Monday,0
2022-06-14,274.16,0,Tuesday,0
2022-06-15,259.06,0,Wednesday,0
2022-06-16,337.54,1,Thursday,0
2022-06-17,370.8,1,Friday,0
2022-06-18,317.5,0,Saturday,1
2022-06-19,309.15,0,Sunday,1
2022-06-20,355.17,1,Monday,0
2022-06-21,265.46,0,Tuesday,0
2022-06-22,281.26,0,Wednesday,0
2022-06-23,303.02,0,Thursday,0
2022-06-24,285.56,0,Friday,0
2022-06-25,400.5,1,Saturday,1
2022-06-26,315.62,0,Sunday,1
2022-06-27,258.58,0,Monday,0
2022-06-28,248.39,0,Tuesday,0
2022-06-29,272.07,0,Wednesday,0
2022-06-30,290.36,0,Thursday,0
2022-07-01,302.72,0,Friday,0
2022-07-02,347.33,0,Saturday,1
2022-07-03,296.71,0,Sunday,1
2022-07-04,268.9,0,Monday,0
2022-07-05,248.92,0,Tuesday,0
2022-07-06,278.21,0,Wednesday,0
2022-07-07,289.37,0,Thursday,0
2022-07-08,298.55,0,Friday,0
2022-07-09,297.21,0,Saturday,1
2022-07-10,315.7,0,Sunday,1
2022-07-11,273.39,0,Monday,0
2022-07-12,267.83,0,Tuesday,0
2022-07-13,287.63,0,Wednesday,0
2022-07-14,264.75,0,Thursday,0
2022-07-15,310.56,0,Friday,0
2022-07-16,341.49,0,Saturday,1
2022-07-17,290.61,0,Sunday,1
2022-07-18,270.55,0,Monday,0
2022-07-19,255.42,0,Tuesday,0
2022-07-20,270.23,0,Wednesday,0
2022-07-21,280.12,0,Thursday,0
2022-07-22,294.82,0,Friday,0
2022-07-23,317.27,0,Saturday,1
2022-07-24,310.49,0,Sunday,1
2022-07-25,251.72,0,Monday,0
2022-07-26,246.42,0,Tuesday,0
2022-07-27,277.28,0,Wednesday,0
2022-07-28,260.0,0,Thursday,0
2022-07-29,306.43,0,Friday,0
2022-07-30,387.66,1,Saturday,1
2022-07-31,287.01,0,Sunday,1
2022-08-01,337.61,1,Monday,0
2022-08-02,271.29,0,Tuesday,0
2022-08-03,254.79,0,Wednesday,0
2022-08-04,265.59,0,Thursday,0
2022-08-05,345.35,1,Friday,0
2022-08-06,329.74,0,Saturday,1
2022-08-07,301.89,0,Sunday,1
2022-08-08,252.31,0,Monday,0
2022-08-09,271.1,0,Tuesday,0
2022-08-10,284.45,0,Wednesday,0
2022-08-11,279.87,0,Thursday,0
2022-08-12,293.69,0,Friday,0
2022-08-13,307.49,0,Saturday,1
2022-08-14,291.75,0,Sunday,1
2022-08-15,262.5,0,Monday,0
2022-08-16,255.75,0,Tuesday,0
2022-08-17,277.05,0,Wednesday,0
2022-08-18,272.53,0,Thursday,0
2022-08-19,271.18,0,Friday,0
2022-08-20,326.32,0,Saturday,1
2022-08-21,286.19,0,Sunday,1
2022-08-22,248.03,0,Monday,0
2022-08-23,250.11,0,Tuesday,0
2022-08-24,280.51,0,Wednesday,0
2022-08-25,298.33,0,Thursday,0
2022-08-26,292.74,0,Friday,0
2022-08-27,307.71,0,Saturday,1
2022-08-28,300.76,0,Sunday,1
2022-08-29,259.43,0,Monday,0
2022-08-30,239.36,0,Tuesday,0
2022-08-31,274.18,0,Wednesday,0
2022-09-01,259.82,0,Thursday,0
2022-09-02,287.45,0,Friday,0
2022-09-03,313.88,0,Saturday,1
2022-09-04,295.36,0,Sunday,1
2022-09-05,254.78,0,Monday,0
2022-09-06,231.71,0,Tuesday,0
2022-09-07,241.82,0,Wednesday,0
2022-09-08,287.32,1,Thursday,0
2022-09-09,282.59,0,Friday,0
2022-09-10,311.06,0,Saturday,1
2022-09-11,291.6,0,Sunday,1
2022-09-12,260.59,0,Monday,0
2022-09-13,234.82,0,Tuesday,0
2022-09-14,252.3,0,Wednesday,0
2022-09-15,235.56,0,Thursday,0
2022-09-16,268.41,0,Friday,0
2022-09-17,305.78,0,Saturday,1
2022-09-18,292.01,0,Sunday,1
2022-09-19,232.68,0,Monday,0
2022-09-20,229.73,0,Tuesday,0
2022-09-21,221.76,0,Wednesday,0
2022-09-22,240.08,0,Thursday,0
2022-09-23,279.43,0,Friday,0
2022-09-24,300.04,0,Saturday,1
2022-09-25,283.53,0,Sunday,1
2022-09-26,232.51,0,Monday,0
2022-09-27,226.39,0,Tuesday,0
2022-09-28,227.77,0,Wednesday,0
2022-09-29,248.47,0,Thursday,0
2022-09-30,269.53,0,Friday,0
2022-10-01,294.78,0,Saturday,1
2022-10-02,266.96,0,Sunday,1
2022-10-03,201.84,0,Monday,0
2022-10-04,235.25,0,Tuesday,0
2022-10-05,225.74,0,Wednesday,0
2022-10-06,225.55,0,Thursday,0
2022-10-07,268.64,0,Friday,0
2022-10-08,280.03,0,Saturday,1
2022-10-09,281.87,0,Sunday,1
2022-10-10,230.98,0,Monday,0
2022-10-11,226.21,0,Tuesday,0
2022-10-12,211.05,0,Wednesday,0
2022-10-13,246.42,0,Thursday,0
2022-10-14,259.45,0,Friday,0
2022-10-15,276.34,0,Saturday,1
2022-10-16,266.94,0,Sunday,1
2022-10-17,198.36,0,Monday,0
2022-10-18,219.04,0,Tuesday,0
2022-10-19,211.25,0,Wednesday,0
2022-10-20,211.85,0,Thursday,0
2022-10-21,234.29,0,Friday,0
2022-10-22,290.4,0,Saturday,1
2022-10-23,253.99,0,Sunday,1
2022-10-24,322.42,1,Monday,0
2022-10-25,204.11,0,Tuesday,0
2022-10-26,199.57,0,Wednesday,0
2022-10-27,211.18,0,Thursday,0
2022-10-28,263.93,0,Friday,0
2022-10-29,271.76,0,Saturday,1
2022-10-30,251.59,0,Sunday,1
2022-10-31,214.64,0,Monday,0
2022-11-01,213.3,0,Tuesday,0
2022-11-02,230.25,0,Wednesday,0
2022-11-03,238.8,0,Thursday,0
2022-11-04,241.68,0,Friday,0
2022-11-05,254.67,0,Saturday,1
2022-11-06,250.22,0,Sunday,1
2022-11-07,275.88,1,Monday,0
2022-11-08,192.83,0,Tuesday,0
2022-11-09,202.54,0,Wednesday,0
2022-11-10,310.55,1,Thursday,0
2022-11-11,242.71,0,Friday,0
2022-11-12,268.34,0,Saturday,1
2022-11-13,243.5,0,Sunday,1
2022-11-14,204.51,0,Monday,0
2022-11-15,190.86,0,Tuesday,0
2022-11-16,369.37,1,Wednesday,0
2022-11-17,293.77,0,Thursday,0
2022-11-18,283.9,0,Friday,0
2022-11-19,319.62,0,Saturday,1
2022-11-20,297.54,0,Sunday,1
2022-11-21,262.44,0,Monday,0
2022-11-22,263.99,0,Tuesday,0
2022-11-23,257.35,0,Wednesday,0
2022-11-24,268.46,0,Thursday,0
2022-11-25,292.25,0,Friday,0
2022-11-26,331.58,0,Saturday,1
2022-11-27,314.73,0,Sunday,1
2022-11-28,260.05,0,Monday,0
2022-11-29,265.66,0,Tuesday,0
2022-11-30,266.81,0,Wednesday,0
2022-12-01,274.96,0,Thursday,0
2022-12-02,323.16,0,Friday,0
2022-12-03,344.03,0,Saturday,1
2022-12-04,297.23,0,Sunday,1
2022-12-05,277.68,0,Monday,0
2022-12-06,272.36,0,Tuesday,0
2022-12-07,346.59,1,Wednesday,0
2022-12-08,287.29,0,Thursday,0
2022-12-09,320.86,0,Friday,0
2022-12-10,313.89,0,Saturday,1
2022-12-11,301.31,0,Sunday,1
2022-12-12,279.5,0,Monday,0
2022-12-13,265.54,0,Tuesday,0
2022-12-14,278.89,0,Wednesday,0
2022-12-15,281.37,0,Thursday,0
2022-12-16,306.99,0,Friday,0
2022-12-17,384.43,1,Saturday,1
2022-12-18,324.95,0,Sunday,1
2022-12-19,334.72,1,Monday,0
2022-12-20,259.75,0,Tuesday,0
2022-12-21,272.06,0,Wednesday,0
2022-12-22,347.7,1,Thursday,0
2022-12-23,308.95,0,Friday,0
2022-12-24,334.76,0,Saturday,1
2022-12-25,312.28,0,Sunday,1
2022-12-26,281.65,0,Monday,0
2022-12-27,194.3,0,Tuesday,0
2022-12-28,215.25,0,Wednesday,0
2022-12-29,201.41,0,Thursday,0
2022-12-30,238.55,0,Friday,0
2022-12-31,261.94,0,Saturday,1
2023-01-01,251.98,0,Sunday,1
2023-01-02,200.07,0,Monday,0
2023-01-03,198.16,0,Tuesday,0
2023-01-04,219.89,0,Wednesday,0
2023-01-05,210.0,0,Thursday,0
2023-01-06,221.23,0,Friday,0
2023-01-07,286.78,0,Saturday,1
2023-01-08,267.66,0,Sunday,1
2023-01-09,190.88,0,Monday,0
2023-01-10,209.98,0,Tuesday,0
2023-01-11,205.99,0,Wednesday,0
2023-01-12,220.52,0,Thursday,0
2023-01-13,246.24,0,Friday,0
2023-01-14,265.25,0,Saturday,1
2023-01-15,244.03,0,Sunday,1
2023-01-16,200.53,0,Monday,0
2023-01-17,193.21,0,Tuesday,0
2023-01-18,204.62,0,Wednesday,0
2023-01-19,219.21,0,Thursday,0
2023-01-20,236.85,0,Friday,0
2023-01-21,279.05,0,Saturday,1
2023-01-22,320.23,1,Sunday,1
2023-01-23,204.8,0,Monday,0
2023-01-24,210.09,0,Tuesday,0
2023-01-25,223.69,0,Wednesday,0
2023-01-26,228.84,0,Thursday,0
2023-01-27,249.57,0,Friday,0
2023-01-28,283.07,0,Saturday,1
2023-01-29,265.46,0,Sunday,1
2023-01-30,200.33,0,Monday,0
2023-01-31,221.14,0,Tuesday,0
2023-02-01,231.9,0,Wednesday,0
2023-02-02,217.63,0,Thursday,0
2023-02-03,252.8,0,Friday,0
2023-02-04,286.11,0,Saturday,1
2023-02-05,260.96,0,Sunday,1
2023-02-06,231.93,0,Monday,0
2023-02-07,243.0,0,Tuesday,0
2023-02-08,215.8,0,Wednesday,0
2023-02-09,214.26,0,Thursday,0
2023-02-10,260.09,0,Friday,0
2023-02-11,290.71,0,Saturday,1
2023-02-12,264.91,0,Sunday,1
2023-02-13,240.75,0,Monday,0
2023-02-14,202.88,0,Tuesday,0
2023-02-15,237.9,0,Wednesday,0
2023-02-16,227.97,0,Thursday,0
2023-02-17,281.53,0,Friday,0
2023-02-18,310.47,0,Saturday,1
2023-02-19,263.03,0,Sunday,1
2023-02-20,221.31,0,Monday,0
2023-02-21,233.9,0,Tuesday,0
2023-02-22,229.62,0,Wednesday,0
2023-02-23,239.41,0,Thursday,0
2023-02-24,265.96,0,Friday,0
2023-02-25,268.32,0,Saturday,1
2023-02-26,276.89,0,Sunday,1
2023-02-27,224.49,0,Monday,0
2023-02-28,222.57,0,Tuesday,0
2023-03-01,304.53,1,Wednesday,0
2023-03-02,229.85,0,Thursday,0
2023-03-03,280.41,0,Friday,0
2023-03-04,293.04,0,Saturday,1
2023-03-05,278.76,0,Sunday,1
2023-03-06,247.34,0,Monday,0
2023-03-07,237.68,0,Tuesday,0
2023-03-08,311.26,1,Wednesday,0
2023-03-09,261.7,0,Thursday,0
2023-03-10,271.85,0,Friday,0
2023-03-11,361.99,1,Saturday,1
2023-03-12,274.31,0,Sunday,1
2023-03-13,233.18,0,Monday,0
2023-03-14,274.23,0,Tuesday,0
2023-03-15,264.54,0,Wednesday,0
2023-03-16,239.14,0,Thursday,0
2023-03-17,265.25,0,Friday,0
2023-03-18,352.92,1,Saturday,1
2023-03-19,377.25,1,Sunday,1
2023-03-20,254.98,0,Monday,0
2023-03-21,241.1,0,Tuesday,0
2023-03-22,303.54,1,Wednesday,0
2023-03-23,264.62,0,Thursday,0
2023-03-24,287.47,0,Friday,0
2023-03-25,341.92,1,Saturday,1
2023-03-26,295.2,0,Sunday,1
2023-03-27,243.5,0,Monday,0
2023-03-28,251.58,0,Tuesday,0
2023-03-29,296.05,0,Wednesday,0
2023-03-30,270.4,0,Thursday,0
2023-03-31,287.98,0,Friday,0
2023-04-01,328.55,0,Saturday,1
2023-04-02,309.03,0,Sunday,1
2023-04-03,264.02,0,Monday,0
2023-04-04,262.01,0,Tuesday,0
2023-04-05,290.14,0,Wednesday,0
2023-04-06,257.63,0,Thursday,0
2023-04-07,302.62,0,Friday,0
2023-04-08,311.55,0,Saturday,1
2023-04-09,315.06,0,Sunday,1
2023-04-10,253.09,0,Monday,0
2023-04-11,254.82,0,Tuesday,0
2023-04-12,267.01,0,Wednesday,0
2023-04-13,287.97,0,Thursday,0
2023-04-14,312.98,0,Friday,0
2023-04-15,312.72,0,Saturday,1
2023-04-16,314.02,0,Sunday,1
2023-04-17,260.54,0,Monday,0
2023-04-18,249.63,0,Tuesday,0
2023-04-19,272.81,0,Wednesday,0
2023-04-20,277.39,0,Thursday,0
2023-04-21,335.88,0,Friday,0
2023-04-22,337.62,0,Saturday,1
2023-04-23,301.55,0,Sunday,1
2023-04-24,331.86,1,Monday,0
2023-04-25,281.63,0,Tuesday,0
2023-04-26,305.07,0,Wednesday,0
2023-04-27,266.61,0,Thursday,0
2023-04-28,367.95,1,Friday,0
2023-04-29,359.33,0,Saturday,1
2023-04-30,327.16,0,Sunday,1
2023-05-01,267.67,0,Monday,0
2023-05-02,280.1,0,Tuesday,0
2023-05-03,252.64,0,Wednesday,0
2023-05-04,289.88,0,Thursday,0
2023-05-05,319.35,0,Friday,0
2023-05-06,352.07,0,Saturday,1
2023-05-07,314.36,0,Sunday,1
2023-05-08,283.1,0,Monday,0
2023-05-09,266.5,0,Tuesday,0
2023-05-10,291.2,0,Wednesday,0
2023-05-11,282.91,0,Thursday,0
2023-05-12,314.26,0,Friday,0
2023-05-13,332.71,0,Saturday,1
2023-05-14,337.96,0,Sunday,1
2023-05-15,295.93,0,Monday,0
2023-05-16,278.28,0,Tuesday,0
2023-05-17,292.02,0,Wednesday,0
2023-05-18,279.63,0,Thursday,0
2023-05-19,318.86,0,Friday,0
2023-05-20,415.87,1,Saturday,1
2023-05-21,364.75,0,Sunday,1
2023-05-22,275.37,0,Monday,0
2023-05-23,301.68,0,Tuesday,0
2023-05-24,306.47,0,Wednesday,0
2023-05-25,303.25,0,Thursday,0
2023-05-26,346.36,0,Friday,0
2023-05-27,355.08,0,Saturday,1
2023-05-28,340.63,0,Sunday,1
2023-05-29,290.66,0,Monday,0
2023-05-30,301.3,0,Tuesday,0
2023-05-31,310.09,0,Wednesday,0
2023-06-01,294.73,0,Thursday,0
2023-06-02,311.7,0,Friday,0
2023-06-03,350.37,0,Saturday,1
2023-06-04,328.48,0,Sunday,1
2023-06-05,292.57,0,Monday,0
2023-06-06,303.43,0,Tuesday,0
2023-06-07,293.33,0,Wednesday,0
2023-06-08,303.53,0,Thursday,0
2023-06-09,329.95,0,Friday,0
2023-06-10,364.64,0,Saturday,1
2023-06-11,312.68,0,Sunday,1
2023-06-12,287.54,0,Monday,0
2023-06-13,292.52,0,Tuesday,0
2023-06-14,314.54,0,Wednesday,0
2023-06-15,299.38,0,Thursday,0
2023-06-16,307.89,0,Friday,0
2023-06-17,362.97,0,Saturday,1
2023-06-18,333.01,0,Sunday,1
2023-06-19,281.45,0,Monday,0
2023-06-20,283.32,0,Tuesday,0
2023-06-21,298.67,0,Wednesday,0
2023-06-22,298.69,0,Thursday,0
2023-06-23,304.52,0,Friday,0
2023-06-24,366.79,0,Saturday,1
2023-06-25,356.35,0,Sunday,1
2023-06-26,303.88,0,Monday,0
2023-06-27,277.41,0,Tuesday,0
2023-06-28,298.63,0,Wednesday,0
2023-06-29,305.95,0,Thursday,0
2023-06-30,338.18,0,Friday,0
2023-07-01,363.96,0,Saturday,1
2023-07-02,332.08,0,Sunday,1
2023-07-03,296.8,0,Monday,0
2023-07-04,296.22,0,Tuesday,0
2023-07-05,318.11,0,Wednesday,0
2023-07-06,313.99,0,Thursday,0
2023-07-07,425.21,1,Friday,0
2023-07-08,356.3,0,Saturday,1
2023-07-09,357.08,0,Sunday,1
2023-07-10,299.92,0,Monday,0
2023-07-11,279.51,0,Tuesday,0
2023-07-12,316.51,0,Wednesday,0
2023-07-13,312.86,0,Thursday,0
2023-07-14,323.98,0,Friday,0
2023-07-15,348.33,0,Saturday,1
2023-07-16,342.43,0,Sunday,1
2023-07-17,299.2,0,Monday,0
2023-07-18,290.78,0,Tuesday,0
2023-07-19,301.9,0,Wednesday,0
2023-07-20,323.3,0,Thursday,0
2023-07-21,340.49,0,Friday,0
2023-07-22,443.71,1,Saturday,1
2023-07-23,348.36,0,Sunday,1
2023-07-24,279.38,0,Monday,0
2023-07-25,291.24,0,Tuesday,0
2023-07-26,317.85,0,Wednesday,0
2023-07-27,298.2,0,Thursday,0
2023-07-28,315.3,0,Friday,0
2023-07-29,342.3,0,Saturday,1
2023-07-30,321.7,0,Sunday,1
2023-07-31,279.99,0,Monday,0
2023-08-01,279.59,0,Tuesday,0
2023-08-02,276.78,0,Wednesday,0
2023-08-03,298.44,0,Thursday,0
2023-08-04,333.68,0,Friday,0
2023-08-05,336.55,0,Saturday,1
2023-08-06,350.26,0,Sunday,1
2023-08-07,292.73,0,Monday,0
2023-08-08,293.54,0,Tuesday,0
2023-08-09,282.83,0,Wednesday,0
2023-08-10,305.53,0,Thursday,0
2023-08-11,306.72,0,Friday,0
2023-08-12,355.04,0,Saturday,1
2023-08-13,330.94,0,Sunday,1
2023-08-14,290.04,0,Monday,0
2023-08-15,263.81,0,Tuesday,0
2023-08-16,276.68,0,Wednesday,0
2023-08-17,299.09,0,Thursday,0
2023-08-18,305.04,0,Friday,0
2023-08-19,346.46,0,Saturday,1
2023-08-20,308.98,0,Sunday,1
2023-08-21,290.04,0,Monday,0
2023-08-22,259.54,0,Tuesday,0
2023-08-23,290.42,0,Wednesday,0
2023-08-24,295.76,0,Thursday,0
2023-08-25,304.35,0,Friday,0
2023-08-26,344.14,0,Saturday,1
2023-08-27,324.72,0,Sunday,1
2023-08-28,269.57,0,Monday,0
2023-08-29,258.37,0,Tuesday,0
2023-08-30,306.42,1,Wednesday,0
2023-08-31,288.52,0,Thursday,0
2023-09-01,289.97,0,Friday,0
2023-09-02,334.31,0,Saturday,1
2023-09-03,314.42,0,Sunday,1
2023-09-04,280.14,0,Monday,0
2023-09-05,262.78,0,Tuesday,0
2023-09-06,271.85,0,Wednesday,0
2023-09-07,288.99,0,Thursday,0
2023-09-08,308.63,0,Friday,0
2023-09-09,332.8,0,Saturday,1
2023-09-10,319.03,0,Sunday,1
2023-09-11,249.37,0,Monday,0
2023-09-12,271.27,0,Tuesday,0
2023-09-13,278.93,0,Wednesday,0
2023-09-14,263.77,0,Thursday,0
2023-09-15,297.43,0,Friday,0
2023-09-16,324.27,0,Saturday,1
2023-09-17,307.51,0,Sunday,1
2023-09-18,267.52,0,Monday,0
2023-09-19,275.07,0,Tuesday,0
2023-09-20,280.26,0,Wednesday,0
2023-09-21,255.92,0,Thursday,0
2023-09-22,303.52,0,Friday,0
2023-09-23,336.39,0,Saturday,1
2023-09-24,309.47,0,Sunday,1
2023-09-25,272.31,0,Monday,0
2023-09-26,343.92,1,Tuesday,0
2023-09-27,275.28,0,Wednesday,0
2023-09-28,270.37,0,Thursday,0
2023-09-29,304.32,0,Friday,0
2023-09-30,317.91,0,Saturday,1
2023-10-01,300.86,0,Sunday,1
2023-10-02,250.75,0,Monday,0
2023-10-03,268.13,0,Tuesday,0
2023-10-04,248.95,0,Wednesday,0
2023-10-05,281.57,0,Thursday,0
2023-10-06,293.59,0,Friday,0
2023-10-07,295.21,0,Saturday,1
2023-10-08,300.83,0,Sunday,1
2023-10-09,308.5,1,Monday,0
2023-10-10,338.08,1,Tuesday,0
2023-10-11,265.32,0,Wednesday,0
2023-10-12,252.02,0,Thursday,0
2023-10-13,332.09,1,Friday,0
2023-10-14,331.46,0,Saturday,1
2023-10-15,286.39,0,Sunday,1
2023-10-16,234.2,0,Monday,0
2023-10-17,259.15,0,Tuesday,0
2023-10-18,274.38,0,Wednesday,0
2023-10-19,255.34,0,Thursday,0
2023-10-20,362.67,1,Friday,0
2023-10-21,364.52,1,Saturday,1
2023-10-22,363.95,1,Sunday,1
2023-10-23,237.41,0,Monday,0
2023-10-24,252.5,0,Tuesday,0
2023-10-25,267.45,0,Wednesday,0
2023-10-26,258.5,0,Thursday,0
2023-10-27,265.71,0,Friday,0
2023-10-28,324.64,0,Saturday,1
2023-10-29,278.95,0,Sunday,1
2023-10-30,235.84,0,Monday,0
2023-10-31,238.52,0,Tuesday,0
2023-11-01,262.62,0,Wednesday,0
2023-11-02,258.78,0,Thursday,0
2023-11-03,278.08,0,Friday,0
2023-11-04,303.24,0,Saturday,1
2023-11-05,282.8,0,Sunday,1
2023-11-06,243.57,0,Monday,0
2023-11-07,201.12,0,Tuesday,0
2023-11-08,237.53,0,Wednesday,0
2023-11-09,248.61,0,Thursday,0
2023-11-10,256.53,0,Friday,0
2023-11-11,299.62,0,Saturday,1
2023-11-12,277.18,0,Sunday,1
2023-11-13,255.36,0,Monday,0
2023-11-14,247.84,0,Tuesday,0
2023-11-15,233.06,0,Wednesday,0
2023-11-16,306.52,0,Thursday,0
2023-11-17,332.15,0,Friday,0
2023-11-18,352.32,0,Saturday,1
2023-11-19,402.69,1,Sunday,1
2023-11-20,288.09,0,Monday,0
2023-11-21,359.77,1,Tuesday,0
2023-11-22,309.15,0,Wednesday,0
2023-11-23,313.99,0,Thursday,0
2023-11-24,321.56,0,Friday,0
2023-11-25,366.74,0,Saturday,1
2023-11-26,333.21,0,Sunday,1
2023-11-27,298.63,0,Monday,0
2023-11-28,347.34,1,Tuesday,0
2023-11-29,299.82,0,Wednesday,0
2023-11-30,310.52,0,Thursday,0
2023-12-01,323.71,0,Friday,0
2023-12-02,352.41,0,Saturday,1
2023-12-03,337.17,0,Sunday,1
2023-12-04,285.56,0,Monday,0
2023-12-05,287.29,0,Tuesday,0
2023-12-06,280.73,0,Wednesday,0
2023-12-07,298.34,0,Thursday,0
2023-12-08,325.74,0,Friday,0
2023-12-09,351.02,0,Saturday,1
2023-12-10,336.15,0,Sunday,1
2023-12-11,349.52,1,Monday,0
2023-12-12,294.74,0,Tuesday,0
2023-12-13,309.46,0,Wednesday,0
2023-12-14,296.17,0,Thursday,0
2023-12-15,314.54,0,Friday,0
2023-12-16,392.85,1,Saturday,1
2023-12-17,333.18,0,Sunday,1
2023-12-18,289.85,0,Monday,0
2023-12-19,279.89,0,Tuesday,0
2023-12-20,283.64,0,Wednesday,0
2023-12-21,364.43,1,Thursday,0
2023-12-22,331.54,0,Friday,0
2023-12-23,361.61,0,Saturday,1
2023-12-24,332.9,0,Sunday,1
2023-12-25,344.95,1,Monday,0
2023-12-26,278.73,0,Tuesday,0
2023-12-27,321.54,1,Wednesday,0
2023-12-28,229.98,0,Thursday,0
2023-12-29,272.22,0,Friday,0
2023-12-30,269.09,0,Saturday,1
2023-12-31,271.41,0,Sunday,1
